id,title,image,showed
1,weißer Gutschein,IMG_7664,[]
2,weißer Gutschein Fenster,IMG_7665,[]
3,weißer Gutschein,IMG_7666,[]
4,Gutschein mit Geschenk,IMG_7667,[]
5,Gutschein mit Tomate,IMG_7668,[]
6,weißer Gutschein,IMG_7669,[]
7,Roter Gutschein,IMG_7670,[]
8,Roter Gutschein,IMG_7671,[]
9,Marmorierter Gutschein,IMG_7672,[]
10,weißer Gutschein,IMG_7673,[]
11,gelber Gutschein,IMG_7674,[]
12,blauer Gutschein mit Fenster,IMG_7675,[]
13,blauer Gutschein mit Fenster,IMG_7676,[]
14,blauer Gutschein mit Fenster,IMG_7677,[]
15,Roter Gutschein,IMG_7678,[]
16,weißer Gutschein,IMG_7679,[]
17,weißer Gutschein,IMG_7680,[]
18,rosa Gutschein,IMG_7681,[]
19,weißer Gutschein,IMG_7682,[]
20,Salon für Sie Gutschein,IMG_7683,[]
21,Salon für Sie Gutschein,IMG_7684,[]
22,Roter Gutschein,IMG_7685,[]
23,weißer Gutschein,IMG_7686,[]
24,blauer Gutschein mit Fenster,IMG_7687,[]
25,blauer Gutschein mit Fenster,IMG_7688,[]
26,blauer Gutschein mit Fenster,IMG_7689,[]
27,blauer Gutschein mit Fenster,IMG_7690,[]
28,blauer Gutschein mit Fenster,IMG_7691,[]
29,weißer Gutschein 40€,IMG_7692,[]
30,weißer Gutschein,IMG_7693,[]
31,weißer Gutschein,IMG_7694,[]
32,Wella Gutschein,IMG_7695,[]
33,Wella Gutschein,IMG_7696,[]
34,Wella Gutschein,IMG_7697,[]
35,Wella Gutschein,IMG_7698,[]
36,Wella Gutschein,IMG_7699,[]
37,Wella Gutschein,IMG_7700,[]
38,Wella Gutschein,IMG_7701,[]
39,Wella Gutschein,IMG_7702,[]
40,Wella Gutschein,IMG_7703,[]
41,Wella Gutschein,IMG_7704,[]
42,Wella Gutschein,IMG_7705,[]
43,Wella Gutschein,IMG_7706,[]
44,Wella Gutschein,IMG_7707,[]
45,Wella Gutschein,IMG_7708,[]
46,Wella Gutschein,IMG_7709,[]
47,Wella Gutschein,IMG_7710,[]
48,Wella Gutschein,IMG_7711,[]
49,Wella Gutschein,IMG_7712,[]
50,Wella Gutschein,IMG_7713,[]
51,Wella Gutschein,IMG_7714,[]
52,Wella Gutschein,IMG_7715,[]
53,Wella Gutschein,IMG_7716,[]
54,Wella Gutschein,IMG_7717,[]
55,Wella Gutschein,IMG_7718,[]
56,Wella Gutschein,IMG_7719,[]
57,Kalender Rolle weiß,IMG_7720,[]
58,Stollenbackform,IMG_7721,[]
59,Buch Der Alchimist,IMG_7722,[]
60,Buch Der Geschmack von Apfelkernen,IMG_7723,[]
61,Buch Spuren im Sand,IMG_7724,[]
62,Buch Ausgewählte Bibelzitate,IMG_7725,[]
63,CD Alle Jahre wieder,IMG_7726,[]
64,Buch au to fah ren,IMG_7727,[]
65,Buch Sylt,IMG_7728,[]
66,Buch Zwischen Himmel und Liebe,IMG_7729,[]
67,DVD Auf den Spuren der Bibel - Moses am Sinai,IMG_7730,[]
68,DVD Auf den Spuren der Bibel - Die Kreuzigung,IMG_7731,[]
69,DVD Auf den Spuren der Bibel - Die Schöpfungsgeschichte,IMG_7732,[]
70,Buch Traut euch,IMG_7733,[]
71,Buch Faltkarten,IMG_7734,[]
72,Block,IMG_7735,[]
73,Block,IMG_7736,[]
74,Block,IMG_7737,[]
75,Block,IMG_7738,[]
76,Block,IMG_7739,[]
77,Block,IMG_7740,[]
78,Buch Schlafleitfaden Baby,IMG_7741,[]
79,Buch Schlafleitfaden Baby,IMG_7742,[]
80,Buch Schlafleitfaden Baby,IMG_7743,[]
81,Buch Schlafleitfaden Baby,IMG_7744,[]
82,Buch Schlafleitfaden Baby,IMG_7745,[]
83,Buch Schlafleitfaden Baby,IMG_7746,[]
84,Kalender Wand schmal,IMG_7747,[]
85,Kalender Wand schmal,IMG_7748,[]
86,Kalender Wand schmal,IMG_7749,[]
87,Kalender Wand schmal,IMG_7750,[]
88,Geschenk Seife schwarz,IMG_7751,[]
89,Skatblatt Sparkasse rot,IMG_7752,[]
90,Bilder Venezianische Impressionen,IMG_7753,[]
91,Notizblock Sparkasse,IMG_7754,[]
92,Buch Wieblinger Buchladen brauner Umschlag,IMG_7755,[]
93,Essenza brauner Karton,IMG_7756,[]
94,Feuerzangenbowle Feuer und Flamme,IMG_7757,[]
95,Vase Rose,IMG_7758,[]
96,Vase Blumen,IMG_7759,[]
97,Schwarzes Etui,IMG_7760,[]
98,Weltzeituhr grauer Karton,IMG_7761,[]
99,Lamy silberner Karton,IMG_7762,[]
100,Blechschild Eichbaum (Nummer hinten),IMG_7763,[]
101,Tischdecke Weihnachten,IMG_7764,[]
102,Bad Head - Tigy bunt,IMG_7765,[]
103,Schal schwarz rot,IMG_7767,[]
104,Geschenk braunes Papier,IMG_7768,[]
105,End- und Verkorker,IMG_7769,[]
106,Portable Radio Philips,IMG_7770,[]
107,Tasche kurze Hose,IMG_7772,[]
108,Tasche kurze Hose,IMG_7773,[]
109,Rosenstrauß orange,IMG_7774,[]
110,Lavendelstrauß,IMG_7775,[]
111,Rosenstrauß gelb,IMG_7776,[]
112,Rote Rose,IMG_7777,[]
113,Lavendel und gelbe Rosen,IMG_7778,[]
114,Hausmacher 3fach,IMG_7779,[]
115,Hausmacher 3fach,IMG_7780,[]
116,Merci blau,IMG_7781,[]
117,Schinken und Wurst,IMG_7782,[]
118,Umhängetasche Prominent 50,IMG_7783,[]
119,Umhängetasche Prominent 50,IMG_7784,[]
120,Umhängetasche Prominent 50,IMG_7785,[]
121,Umhängetasche Prominent 50,IMG_7786,[]
122,Umhängetasche Prominent 50,IMG_7787,[]
123,Umhängetasche Prominent 50,IMG_7788,[]
124,Umhängetasche Prominent 50,IMG_7789,[]
125,Umhängetasche Prominent 50,IMG_7790,[]
126,Umhängetasche Prominent 50,IMG_7791,[]
127,Umhängetasche Prominent 50,IMG_7792,[]
128,Umhängetasche Prominent 50,IMG_7793,[]
129,Huschdegutzel klein,IMG_7794,[]
130,Huschdegutzel klein,IMG_7795,[]
131,Huschdegutzel groß,IMG_7796,[]
132,Stollen klein Strohauer,IMG_7797,[]
133,Stollen klein Strohauer,IMG_7798,[]
134,Stollen groß Strohauer,IMG_7799,[]
135,Tasse mit Mozartkugel,IMG_7800,[]
136,Karton weiß klein,IMG_7801,[]
137,Karton weiß klein,IMG_7802,[]
138,Seife Kölnisch Wasser türkis,IMG_7803,[]
139,Seife Kölnisch Wasser gelb,IMG_7804,[]
140,Pinselset lila Wella,IMG_7805,[]
141,Pinselset lila Wella,IMG_7806,[]
142,Karton weiß Altmayer,IMG_7807,[]
143,Palio Kürbis Wein,IMG_7808,[]
144,Palio Limetten Secco,IMG_7809,[]
145,Hochzeitssecco Hollunder silber Ettiket,IMG_7810,[]
146,Fabio Erdbeerwein,IMG_7811,[]
147,Rilling Sekt,IMG_7812,[]
148,Eiskratzer blau,IMG_7813,[]
149,Mönchshof Bierkeller,IMG_7814,[]
150,Weintasche Rosen,IMG_7815,[]
151,Kerzen Glas Winterlandschaft (Nummer Boden),IMG_7816,[]
152,Kerzentasche rot,IMG_7817,[]
153,Kerze im glas rosa,IMG_7818,[]
154,Sternkerze terracotta,IMG_7819,[]
155,Kerze im Glas Vanille gelb,IMG_7820,[]
156,Eiernudeln Band,IMG_7821,[]
157,Eiernudeln Band,IMG_7822,[]
158,Fleckenradierer grün,IMG_7823,[]
159,Engelverpackung grau gelb (Schal),IMG_7824,[]
160,Knirps (Schirm) orange,IMG_7825,[]
161,Knirps (Schirm) orange,IMG_7826,[]
162,Knirps (Schirm) orange,IMG_7827,[]
163,Meter orange BMD,IMG_7828,[]
164,Meter orange BMD,IMG_7829,[]
165,Meter orange BMD,IMG_7830,[]
166,Meter orange BMD,IMG_7831,[]
167,Meter orange BMD,IMG_7832,[]
168,Meter orange BMD,IMG_7833,[]
169,Meter orange BMD,IMG_7834,[]
170,Meter orange BMD,IMG_7835,[]
171,Wella Haargel silber orange,IMG_7836,[]
172,Wellness Schaumdusch Zitrone gelb,IMG_7837,[]
173,Kinderspiel Schamstoff grün farbig,IMG_7838,[]
174,Kinderspiel Schamstoff blau farbig,IMG_7839,[]
175,Kinderspiel Schamstoff gelb farbig,IMG_7840,[]
176,Kinderspiel Schamstoff rosa farbig,IMG_7841,[]
177,Schirmmütze blau BMD,IMG_7842,[]
178,Schirmmütze blau BMD,IMG_7843,[]
179,Karton klein weiß Altmayer,IMG_7844,[]
180,Karton länglich weiß Altmayer,IMG_7845,[]
181,Kamm Bürste in Tüte,IMG_7846,[]
182,Kamm Bürste in Tüte,IMG_7847,[]
183,Kamm Bürste in Tüte,IMG_7848,[]
184,Topfhandschuh schwarz mit Muschda,IMG_7849,[]
185,Topfhandschuh Oma gelb,IMG_7850,[]
186,Plastikbox CD schwarz,IMG_7851,[]
187,Badeschaum Engel Goldener Deckel,IMG_7852,[]
188,Bürste und Kamm schwarz rot,IMG_7853,[]
189,Kosmetik-Set weiß hellblau,IMG_7854,[]
190,Kosmetik-Set weiß hellblau,IMG_7855,[]
191,Kosmetik-Set weiß hellblau,IMG_7856,[]
192,Kosmetik-Set weiß hellblau,IMG_7857,[]
193,Kosmetik-Set weiß hellblau,IMG_7858,[]
194,Kosmetik-Set weiß hellblau,IMG_7859,[]
195,Quadratisches weißes Kästchen,IMG_7860,[]
196,Quadratisches weißes Kästchen,IMG_7861,[]
197,Quadratisches weißes Kästchen,IMG_7862,[]
198,Gelber Korb mit Blume,IMG_7863,[]
199,Hand und Nagelcreme Vanille - Engel,IMG_7864,[]
200,Kleines Kästchen schwarz,IMG_7865,[]
351,Schwarze Dose Rund Salz Pfeffer Streuer Apfel,IMG_7866,[]
352,Schwarzes Kästchen Altmayer,IMG_7867,[]
353,Schwarzes Kästchen Altmayer,IMG_7868,[]
354,Kerze Gold Rot,IMG_7869,[]
355,Rotwein mit Korkenzieher,IMG_7870,[]
356,Sekt Pinot Altmayer,IMG_7871,[]
357,Glasvitriene Spiel klein gold,IMG_7872,[]
358,Telicht auf Teller blaue Steine,IMG_7873,[]
359,Schuhe mit Teddy Ton (Nummer unten),IMG_7874,[]
360,Schwarze Lederhandschuhe Herren,IMG_7875,[]
361,Schwarze Lederhandschuhe Damen,IMG_7876,[]
362,Schwarze Lederhandtasche,IMG_7877,[]
363,Putztuch Scotch Brite,IMG_7878,[]
364,Mega Plastiktüte (Handtuch),IMG_7879,[]
365,Schatulle Rosen gold,IMG_7880,[]
366,Kasten weiß Seifenkorb,IMG_7881,[]
367,Schwarz roter Karton Taschenrechner,IMG_7882,[]
368,Wein Spätburgunder Weißherbst kabinett,IMG_7883,[]
369,Glasschüsseln 3,IMG_7884,[]
370,Duschschlauch Hans Grohe,IMG_7885,[]
371,Apfelschäler,IMG_7886,[]
372,Gelkerze Sektkelch,IMG_7887,[]
373,Palmbräu Weihnachtsgenuss,IMG_7888,[]
374,Skate Scooter schwarz m-cro,IMG_7889,[]
375,Kindersandelzeug,IMG_7890,[]
376,Pelikan Wachsmalstifte,IMG_7891,[]
377,Pelikan Wachsmalstifte,IMG_7892,[]
378,Parkscheibe,IMG_7893,[]
379,Hifi In-Ear Kopfhörer Schwarz,IMG_7894,[]
380,Schreibblock Sparkasse rot mit Stift,IMG_7895,[]
381,Kalender weiß Rolle,IMG_7896,[]
382,Kalender weiß Rolle,IMG_7897,[]
383,Kalender weiß Rolle,IMG_7898,[]
384,Kalender weiß Rolle,IMG_7899,[]
385,Kalender weiß Rolle,IMG_7900,[]
386,Kalender weiß Rolle,IMG_7901,[]
387,Kalender weiß Rolle,IMG_7902,[]
388,Kalender weiß Rolle,IMG_7903,[]
389,Kalender weiß Rolle,IMG_7904,[]
390,Alpenveilchen weiß,IMG_7905,[]
391,Alpenveilchen weiß,IMG_7906,[]
392,Alpenveilchen weiß,IMG_7907,[]
393,Alpenveilchen weiß,IMG_7908,[]
394,Alpenveilchen rot,IMG_7909,[]
395,Alpenveilchen rot,IMG_7910,[]
396,Alpenveilchen rot,IMG_7911,[]
397,Alpenveilchen rot,IMG_7912,[]
398,Boule-Koffer Holz,IMG_7913,[]
399,Boule-Koffer Holz,IMG_7914,[]
400,Schreibtischunterlage Papier ABC Druck,IMG_7915,[]
401,Schreibtischunterlage Papier ABC Druck,IMG_7916,[]
402,Schreibtischunterlage Papier ABC Druck,IMG_7917,[]
403,Schreibtischunterlage Papier ABC Druck,IMG_7918,[]
404,Schreibtischunterlage Papier ABC Druck,IMG_7919,[]
405,Blumenkübel,IMG_7920,[]
406,Blumenkübel,IMG_7921,[]
407,Blumenkübel,IMG_7922,[]
408,Blumenkübel,IMG_7923,[]
409,Blumenkübel,IMG_7924,[]
410,Blumenkübel,IMG_7925,[]
411,Schreibtischunterlage Plastik Knax,IMG_7926,[]
412,Handtuch weiß,IMG_7927,[]
413,Stockschirm blau,IMG_7928,[]
414,Stockschirm blau,IMG_7929,[]
415,Flaschenkühler schwarzer Karton,IMG_7930,[]
416,Flaschenkühler schwarzer Karton,IMG_7931,[]
417,Umhängetasche schwarz Medical Park,IMG_7932,[]
418,Servietten und Kerze hell,IMG_7933,[]
419,Geldbeutel und ?? In Tüte mit rosa Schleife,IMG_7934,[]
420,Ananas Schneider Tschibo,IMG_7935,[]
421,Geschenk Kinder Goldband,IMG_7936,[]
422,Kleine Wasserwage Prominent,IMG_7937,[]
423,Kleine Wasserwage Prominent,IMG_7938,[]
424,Geldbeutel Schmetterlinge Rosa Schleife,IMG_7939,[]
425,Teelichthalter Sternform Rot Goldene Schleife,IMG_7940,[]
426,2 Kaffegedeck rostrot,IMG_7941,[]
427,Weinkiste dunkel,IMG_7942,[]
428,Duftlampe,IMG_7943,[]
429,Guglehupf-Form grün groß,IMG_7944,[]
430,Guglehupf-Form braun klein,IMG_7945,[]
431,Holzkranz mit Rosen,IMG_7946,[]
432,kleines schwarzes Säckchen  Kette),IMG_7947,[]
433,Goldene Verpackung Messer + Y,IMG_7948,[]
434,Blaue Kiste,IMG_7949,[]
435,Tischtuchhalter magnetisch Schildkröte,IMG_7950,[]
436,Vase grau grün (Nummer unten),IMG_7951,[]
437,Glasschale Winterpanorama,IMG_7952,[]
438,Glaskannen Set 2fach,IMG_7953,[]
439,Metallschüssel Friwa,IMG_7954,[]
440,Kerzenständer grün,IMG_7955,[]
441,2 Weihnachtstassen,IMG_7956,[]
442,Weißer Kasten,IMG_7957,[]
443,weißer größerer Kasten,IMG_7958,[]
444,Eislöffel Mövenpick,IMG_7959,[]
445,Bilderrahmen gold,IMG_7960,[]
446,Bilderrahmen hässlich,IMG_7961,[]
447,Glocke mit Goldband,IMG_7962,[]
448,Trostpreis,,[]
449,Trostpreis,,[]
450,Trostpreis,,[]
